<?xml version="1.0"?>
<educations>
	<education>
		<title>
            王力克
        </title>
        <path>
            education/0001.html
        </path>
        <description>
            王力克，祖籍河北省巨鹿县，生于山东威海。现任中国美术家协会会员，中国美术家协会油画艺术委员会委员、山东省美术家协会副主席，山东油画学会副主席，山东艺术学院副院长、教授、硕士研究生导师，山东省教学名师。
            1983年毕业于山东艺术学院美术系油画专业，1989年考入中央美术学院油画创作研修班。曾先后赴前苏联、东欧考察，并到澳大利亚格里菲斯大学、韩国檀国大学、又松大学、法国巴黎第八大学、巴黎美术学院、法国大沙龙音乐学院、美国印第安纳大学海伦艺术学院访问并进行学术艺术交流。作品多次参加国内外比赛和展览并获奖，主要有：
            1984年   作品《追赶春天的人》入选第六届全国美展；
            作品《交通站》被中国美术馆收藏。
            1987年   作品《新媳妇》入选首届中国油画展。
            1989年	作品《雀巢》获第七届全国美展银奖，被中国美术馆收藏；
            连环画《雪国》获第七届全国美展铜奖。
            1990年    作品《故土》等参加在新加坡举办的中央美术学院油画、雕塑展；
            作品《山·羊》等参加韩国中国油画展；
            作品《雀巢》参加法国秋季沙龙艺术大展。
            1994年   作品《老家》获第八届全国美展优秀作品奖。
            1998年   作品《风铃》获第四届全国水彩画展银奖。
            1999年	作品《斜阳·花》参加中国油画名家百人油画展；
            水彩画《花雨》获第九届全国美展优秀作品奖；
            作品《雀巢》入选二十世纪中国油画展。
            2004年   作品《钢琴课·如歌的行板》、《邻家女孩》入选第十届全国美展。
            2006年   作品《花雨》入选中国百年水彩画展（1905—2006）。
            2007年   作品《红樱桃》参加《融合与创造》2007·中国油画名家学术邀请展。
            2008年   在美国印第安纳波里斯艺术中心举办《来自孔子故乡的艺术》画展。
            2009年   《金色的湖》入选第十一届全国美展；2011年被山东美术馆收藏。
            作品被收入《中国美术年鉴》、《中国美术全集·油画卷》、《当代中国油画》、《当代中国油画艺术》、《20世纪中国美术》、《20世纪中国油画》等大型艺术典籍。出版了学术专著《绘画与秩序》，在《山东科学》等重要期刊发表了《绘画中的自由与秩序》、《克罗齐与现代绘画》等多篇论文。
        </description>

      </education>
    <education>
		<title>
            吴为山
        </title>
        <path>
            education/0002.html
        </path>
        <description>
            吴为山，男，汉族，1962年1月生。具有国际影响的雕塑艺术家，全国政协委员，中国民主同盟中央常委、文化工作委员会主任，中国文联全委会委员，国家当代艺术研究中心主任，中国艺术研究院美术研究所所长，中国雕塑院院长，全国城市雕塑建设指导委员会副主任兼艺术委员会主任，南京大学美术研究院院长、教授、博士生导师。2012卢浮宫国际美术展金奖、英国皇家“攀格林奖”、首届中华艺文奖、新中国城市雕塑建设成就奖获得者。香港中文大学荣誉院士，韩国仁济大学名誉哲学博士。英国皇家雕塑家协会成员，英国皇家肖像雕塑家协会会员。中国美术家协会理事，曾任第十一届全国美术作品展终审评委。
            
            吴为山教授二十多年来一直以挖掘和精研中国传统文化为人生命题，致力于中国文化精神在中国雕塑创作中的融渗和表现，创作了大量历史人物雕塑，被誉为“为时代造像者”，其作品遍布二十多个国家和地区，被永久收藏于中国美术馆及欧美重要博物馆。
            
            吴为山教授首创中国现代写意雕塑之风，提出“写意雕塑论”和“中国雕塑八大风格论”。 这既是对中国雕塑优秀传统的总结，也对中国雕塑当下创作的发展起到极大的引导作用。。
        </description>
        
    </education>

</educations>